external_caregiver_id,course_code,course_name,completed_on,minutes
TP-1001,INSVC-INFECT,"Infection Control, Standard Precautions",2026-03-04,120
TP-1004,INSVC-INFECT,Infection Control,03/04/2026,120

TP-1004,INSVC-DEMENTIA,Dementia Care,2026-06-18,1.5
TP-1005,INSVC-INFECT,Infection Control,2026-03-04
,INSVC-INFECT,Infection Control,2026-03-04,120
TP-1005,INSVC-INFECT,"Infection Control,2026-03-04,120
TP-1005,INSVC-DEMENTIA,Dementia Care,2026-02-30,90
TP-1005,ORIENT-HHA,HHA Orientation,2026-02-02,480
